<?xml version="1.0" encoding="UTF-8"?>
<beans xmlns="http://www.springframework.org/schema/beans"
	xmlns:xsi="http://www.w3.org/2001/XMLSchema-instance"
	xmlns:context="http://www.springframework.org/schema/context"
	xmlns:mvc="http://www.springframework.org/schema/mvc"
	xsi:schemaLocation="http://www.springframework.org/schema/mvc http://www.springframework.org/schema/mvc/spring-mvc-4.3.xsd
		http://www.springframework.org/schema/beans https://www.springframework.org/schema/beans/spring-beans.xsd
		http://www.springframework.org/schema/context http://www.springframework.org/schema/context/spring-context-4.3.xsd">
	
	<!-- Root Context: defines shared resources visible to all other web components -->
	<context:property-placeholder location=""/>
	<bean class="org.apache.commons.dbcp.BasicDataSource" id="datasource" destroy-method="close">
		<property name="driverClassName" value="com.mysql.cj.jdbc.Driver"></property>
		<property name="url" value="jdbc:mysql://127.0.0.1:3306/hw_spring_1028?serverTimezone=UTC&amp;useUniCode=yes&amp;useSSL=false&amp;characterEncoding=UTF-8"></property>
		<property name="username" value="ssafy"></property>
		<property name="password" value="ssafy"></property>
		<property name="maxActive" value="20"></property>
	
	
	</bean>
	
	<bean class="org.mybatis.spring.SqlSessionFactoryBean" id="sqlSessionFactory">
		<property name="dataSource" ref="datasource"></property>
		<!-- mybatis 설정파일 -->
		<property name="configLocation" value="classpath:spring/MySQL_config.xml"></property>
	
	</bean>
	
	<bean class="org.mybatis.spring.SqlSessionTemplate" id="sqlSession">
		<constructor-arg ref="sqlSessionFactory"></constructor-arg>
	</bean>
	
	<mvc:annotation-driven></mvc:annotation-driven>	
	<context:annotation-config></context:annotation-config>
</beans>
