<?xml version="1.0" encoding="UTF-8" ?>
<!DOCTYPE mapper
  PUBLIC "-//mybatis.org//DTD Mapper 3.0//EN"
  "http://mybatis.org/dtd/mybatis-3-mapper.dtd">
<mapper namespace="board">
	<insert id="boardinsert" parameterType="board">
		insert into board(num, title, content) values(#{num }, #{title }, #{content })
	</insert>
  
  	<select id="boardselect" resultType="board">
  		select *from board;
  	</select>
  	
  	<update id="boardupdate" parameterType="board">
  		update board set title = #{title }, content = #{content } where num = #{num }
  	</update>
  	
  	<delete id="boarddelete" parameterType="string">
  		delete from board where num = #{num }
  	</delete>
</mapper>